Sample_name,Conc,Conc_RSD,Element,Site,Species,Tissue_type,Weight,Solid_conc,Measurement_type,Depth,Data_collector
s2_PW_2-4,4.823013443,5.013894667,Al,2,NA,NA,NA,4.823013443,PW,2,L
s2_PW_8-10,44.88816873,3.900550173,Al,2,NA,NA,NA,44.88816873,PW,8,L
s3_PW_6-8,26.6175126,1.128399709,Al,3,NA,NA,NA,26.6175126,PW,6,L
s2_PW_0-2,5.291075604,9.557955423,Al,2,NA,NA,NA,5.291075604,PW,0,L
s2_PW_6-8,13.31205175,1.555217309,Al,2,NA,NA,NA,13.31205175,PW,6,L
s2_PW_12-14,23.2399269,4.202548714,Al,2,NA,NA,NA,23.2399269,PW,12,L
s2_PW_14-16,18.13194409,8.307136701,Al,2,NA,NA,NA,18.13194409,PW,14,L
s2_PW_10-12,35.7909279,2.939052112,Al,2,NA,NA,NA,35.7909279,PW,10,L
s2_PW_4-6,9.016258565,7.354035262,Al,2,NA,NA,NA,9.016258565,PW,4,L
s3_PW_2-4,26.60857574,3.892368042,Al,3,NA,NA,NA,26.60857574,PW,2,L
s3_PW_4-6,26.3912357,3.073852465,Al,3,NA,NA,NA,26.3912357,PW,4,L
s3_PW_0-2,14.77485075,8.323333312,Al,3,NA,NA,NA,14.77485075,PW,0,L
p19,1015.499821,0.356080769,Al,3,PO,Leaves,0.1006,252.3607905,P,0,L
p7,2133.879762,1.585822468,Al,2,MY,Leaves,0.1004,531.3445623,P,0,L
p15,2127.306395,0.639588103,Al,3,MY,Leaves,0.1009,527.0828531,P,0,L
p21,236.8223919,1.152515051,Al,NA,NA,NA,0.1008,58.73571228,P,0,L
p9,820.6742317,1.365318125,Al,3,CH,Stems,0.1008,203.540236,P,0,L
p12,1697.569775,0.544942229,Al,3,CH,Leaves,0.1006,421.8612761,P,0,L
p24,219.1880518,1.316600172,Al,NA,NA,NA,NA,NA,P,0,L
p13,546.5527948,0.787246687,Al,3,MY,Stems,0.1007,135.68838,P,0,L
p18,279.0308212,1.83457282,Al,3,PO,Stems,0.1007,69.27279573,P,0,L
p10,702.5972992,0.555706228,Al,3,CH,Stems,0.1001,175.4738509,P,0,L
p11,1380.114554,0.645550521,Al,3,CH,Leaves,0.1005,343.3120781,P,0,L
p20,751.9031404,1.587958837,Al,3,PO,Leaves,0.1006,186.8546572,P,0,L
p4,738.6926793,0.412146106,Al,1,CH,Leaves,0.1001,184.4886811,P,0,L
p16,1915.436153,1.231660852,Al,3,MY,Leaves,0.1005,476.476655,P,0,L
p23,133.7629625,0.834097769,Al,NA,NA,NA,NA,NA,P,0,L
p3,728.8987237,1.240092939,Al,1,CH,Leaves,0.1001,182.0426383,P,0,L
p2,714.4465789,0.448514424,Al,1,CH,Stems,0.1007,177.3700543,P,0,L
p17,263.8507314,0.322340765,Al,3,PO,Stems,0.1002,65.83102081,P,0,L
p5,342.3602195,0.985234001,Al,2,MY,Stems,0.1003,85.33405272,P,0,L
p1,453.8869211,2.317376517,Al,1,CH,Stems,0.1009,112.4595939,P,0,L
p22,233.9410776,0.967743449,Al,NA,NA,NA,0.1008,58.0211006,P,0,L
p8,1886.739514,0.498041759,Al,2,MY,Leaves,0.1004,469.8056559,P,0,L
p14,550.6506662,0.911581898,Al,3,MY,Stems,0.1008,136.5701057,P,0,L
p6,485.7165593,0.35841809,Al,2,MY,Stems,0.1002,121.1867663,P,0,L
s1 sur,7.90732872,4.590181258,Al,1,NA,NA,NA,NA,SW,0,L
s1 bot,7.339472683,5.602198596,Al,1,NA,NA,NA,NA,BW,0,L
s2 sur,9.177414575,4.07076889,Al,2,NA,NA,NA,NA,SW,0,L
s2 bot,9.405548933,5.447753637,Al,2,NA,NA,NA,NA,BW,0,L
s3 sur,9.107634451,2.469873751,Al,3,NA,NA,NA,NA,SW,0,L
s2_PW_2-4,0,NA,Ti,2,NA,NA,NA,0,PW,2,L
s2_PW_8-10,0.037355518,77.66500509,Ti,2,NA,NA,NA,0.037355518,PW,8,L
s3_PW_6-8,0,NA,Ti,3,NA,NA,NA,0,PW,6,L
s2_PW_0-2,0,NA,Ti,2,NA,NA,NA,0,PW,0,L
s2_PW_6-8,0,NA,Ti,2,NA,NA,NA,0,PW,6,L
s2_PW_12-14,0,NA,Ti,2,NA,NA,NA,0,PW,12,L
s2_PW_14-16,0,NA,Ti,2,NA,NA,NA,0,PW,14,L
s2_PW_10-12,0,NA,Ti,2,NA,NA,NA,0,PW,10,L
s2_PW_4-6,0,NA,Ti,2,NA,NA,NA,0,PW,4,L
s3_PW_2-4,0,NA,Ti,3,NA,NA,NA,0,PW,2,L
s3_PW_4-6,0,NA,Ti,3,NA,NA,NA,0,PW,4,L
s3_PW_0-2,0,NA,Ti,3,NA,NA,NA,0,PW,0,L
p19,3.880966437,11.09940817,Ti,3,PO,Leaves,0.1006,0.96445488,P,0,L
p7,3.847165214,2.646843019,Ti,2,MY,Leaves,0.1004,0.957959466,P,0,L
p15,10.65306096,2.854535598,Ti,3,MY,Leaves,0.1009,2.639509653,P,0,L
p21,0.775309459,5.024438409,Ti,NA,NA,NA,0.1008,0.192289052,P,0,L
p9,1.732651211,3.266768016,Ti,3,CH,Stems,0.1008,0.429725003,P,0,L
p12,4.09788803,3.579829088,Ti,3,CH,Leaves,0.1006,1.018361836,P,0,L
p24,0.06542763,9.362321889,Ti,NA,NA,NA,NA,NA,P,0,L
p13,2.069612794,7.179355736,Ti,3,MY,Stems,0.1007,0.513806553,P,0,L
p18,1.007948012,2.189881705,Ti,3,PO,Stems,0.1007,0.250235356,P,0,L
p10,1.389003436,1.093791863,Ti,3,CH,Stems,0.1001,0.346903955,P,0,L
p11,3.435125001,3.508876857,Ti,3,CH,Leaves,0.1005,0.854508707,P,0,L
p20,3.084660039,2.611763861,Ti,3,PO,Leaves,0.1006,0.766565616,P,0,L
p4,2.226087314,8.313939775,Ti,1,CH,Leaves,0.1001,0.555965863,P,0,L
p16,9.113296075,2.470751283,Ti,3,MY,Leaves,0.1005,2.266989073,P,0,L
p23,0.048049147,43.37113815,Ti,NA,NA,NA,NA,NA,P,0,L
p3,1.95729494,4.114733415,Ti,1,CH,Leaves,0.1001,0.4888349,P,0,L
p2,0.961164724,12.8331621,Ti,1,CH,Stems,0.1007,0.238620835,P,0,L
p17,0.864888649,8.567351526,Ti,3,PO,Stems,0.1002,0.215790581,P,0,L
p5,0.673832271,23.45026687,Ti,2,MY,Stems,0.1003,0.167954205,P,0,L
p1,0.72450403,4.439645013,Ti,1,CH,Stems,0.1009,0.179510414,P,0,L
p22,0.737871065,8.153142732,Ti,NA,NA,NA,0.1008,0.183003736,P,0,L
p8,3.24385074,2.041740681,Ti,2,MY,Leaves,0.1004,0.807731758,P,0,L
p14,1.820907064,4.289633316,Ti,3,MY,Stems,0.1008,0.451613855,P,0,L
p6,0.752573468,1.230109984,Ti,2,MY,Stems,0.1002,0.187767831,P,0,L
s1 sur,0,NA,Ti,1,NA,NA,NA,NA,SW,0,L
s1 bot,0,NA,Ti,1,NA,NA,NA,NA,BW,0,L
s2 sur,0,NA,Ti,2,NA,NA,NA,NA,SW,0,L
s2 bot,0,NA,Ti,2,NA,NA,NA,NA,BW,0,L
s3 sur,0,NA,Ti,3,NA,NA,NA,NA,SW,0,L
s2_PW_2-4,26.0853016,1.610185748,V,2,NA,NA,NA,26.0853016,PW,2,L
s2_PW_8-10,1070.948803,2.258001279,V,2,NA,NA,NA,1070.948803,PW,8,L
s3_PW_6-8,225.6526455,0.719661536,V,3,NA,NA,NA,225.6526455,PW,6,L
s2_PW_0-2,9.930874285,0.199377276,V,2,NA,NA,NA,9.930874285,PW,0,L
s2_PW_6-8,201.194873,1.80973415,V,2,NA,NA,NA,201.194873,PW,6,L
s2_PW_12-14,331.8489294,0.384685571,V,2,NA,NA,NA,331.8489294,PW,12,L
s2_PW_14-16,196.2866343,0.640366049,V,2,NA,NA,NA,196.2866343,PW,14,L
s2_PW_10-12,292.2324729,0.891029005,V,2,NA,NA,NA,292.2324729,PW,10,L
s2_PW_4-6,88.21989772,0.630688008,V,2,NA,NA,NA,88.21989772,PW,4,L
s3_PW_2-4,235.8695564,1.304062407,V,3,NA,NA,NA,235.8695564,PW,2,L
s3_PW_4-6,200.0907957,1.31314748,V,3,NA,NA,NA,200.0907957,PW,4,L
s3_PW_0-2,150.2684519,1.042320505,V,3,NA,NA,NA,150.2684519,PW,0,L
p19,15.60011588,1.33737989,V,3,PO,Leaves,0.1006,3.87676836,P,0,L
p7,107.575558,0.81794593,V,2,MY,Leaves,0.1004,26.78674253,P,0,L
p15,116.9367986,0.626090327,V,3,MY,Leaves,0.1009,28.9734387,P,0,L
p21,0.984725337,2.761507824,V,NA,NA,NA,0.1008,0.244227514,P,0,L
p9,17.82810439,1.225769373,V,3,CH,Stems,0.1008,4.421652875,P,0,L
p12,30.43495561,1.090891162,V,3,CH,Leaves,0.1006,7.56335875,P,0,L
p24,0.145267245,1.671122252,V,NA,NA,NA,NA,NA,P,0,L
p13,12.66767223,1.351993458,V,3,MY,Stems,0.1007,3.144903731,P,0,L
p18,5.158645252,0.924685736,V,3,PO,Stems,0.1007,1.280696438,P,0,L
p10,13.9838265,0.228818555,V,3,CH,Stems,0.1001,3.492464161,P,0,L
p11,27.00473768,0.516633504,V,3,CH,Leaves,0.1005,6.717596438,P,0,L
p20,11.34095304,0.466795828,V,3,PO,Leaves,0.1006,2.81832829,P,0,L
p4,10.28003963,1.23201232,V,1,CH,Leaves,0.1001,2.567442465,P,0,L
p16,107.6600293,0.953765442,V,3,MY,Leaves,0.1005,26.78110182,P,0,L
p23,0.122640048,2.653356831,V,NA,NA,NA,NA,NA,P,0,L
p3,9.479528053,0.770912386,V,1,CH,Leaves,0.1001,2.367514499,P,0,L
p2,7.085512194,0.381475409,V,1,CH,Stems,0.1007,1.759064596,P,0,L
p17,4.647954639,1.446740872,V,3,PO,Stems,0.1002,1.159669321,P,0,L
p5,8.595332831,0.56415694,V,2,MY,Stems,0.1003,2.14240599,P,0,L
p1,5.598002118,2.65699551,V,1,CH,Stems,0.1009,1.387017373,P,0,L
p22,0.93994428,1.750460274,V,NA,NA,NA,0.1008,0.233121101,P,0,L
p8,91.43118862,0.725896652,V,2,MY,Leaves,0.1004,22.76673023,P,0,L
p14,15.47265222,1.393023368,V,3,MY,Stems,0.1008,3.837463348,P,0,L
p6,13.59944376,1.596884479,V,2,MY,Stems,0.1002,3.39307479,P,0,L
s1 sur,9.533362078,1.040712312,V,1,NA,NA,NA,NA,SW,0,L
s1 bot,11.36892594,0.803708367,V,1,NA,NA,NA,NA,BW,0,L
s2 sur,9.992325442,1.303665164,V,2,NA,NA,NA,NA,SW,0,L
s2 bot,9.54094932,0.337922748,V,2,NA,NA,NA,NA,BW,0,L
s3 sur,10.02154609,1.665897045,V,3,NA,NA,NA,NA,SW,0,L
s2_PW_2-4,0.260854804,3.460465204,Cr,2,NA,NA,NA,0.260854804,PW,2,L
s2_PW_8-10,0.348371872,6.01803403,Cr,2,NA,NA,NA,0.348371872,PW,8,L
s3_PW_6-8,0.184239635,7.181912673,Cr,3,NA,NA,NA,0.184239635,PW,6,L
s2_PW_0-2,0.421279892,13.48085044,Cr,2,NA,NA,NA,0.421279892,PW,0,L
s2_PW_6-8,0.228398825,3.820517146,Cr,2,NA,NA,NA,0.228398825,PW,6,L
s2_PW_12-14,0.100734668,1.904481474,Cr,2,NA,NA,NA,0.100734668,PW,12,L
s2_PW_14-16,0.103440085,14.99450451,Cr,2,NA,NA,NA,0.103440085,PW,14,L
s2_PW_10-12,0.213570233,6.326196291,Cr,2,NA,NA,NA,0.213570233,PW,10,L
s2_PW_4-6,0.245182948,4.687623495,Cr,2,NA,NA,NA,0.245182948,PW,4,L
s3_PW_2-4,0.233683148,1.257601796,Cr,3,NA,NA,NA,0.233683148,PW,2,L
s3_PW_4-6,0.162408666,1.772646963,Cr,3,NA,NA,NA,0.162408666,PW,4,L
s3_PW_0-2,0.163348455,2.477724143,Cr,3,NA,NA,NA,0.163348455,PW,0,L
p19,13.25759956,1.967682626,Cr,3,PO,Leaves,0.1006,3.294632097,P,0,L
p7,15.67691195,1.002752651,Cr,2,MY,Leaves,0.1004,3.903613533,P,0,L
p15,22.29460848,0.44836766,Cr,3,MY,Leaves,0.1009,5.52393669,P,0,L
p21,74.50009472,0.944929046,Cr,NA,NA,NA,0.1008,18.47720603,P,0,L
p9,32.630392,1.521043519,Cr,3,CH,Stems,0.1008,8.092855159,P,0,L
p12,54.31659651,0.666493949,Cr,3,CH,Leaves,0.1006,13.49816017,P,0,L
p24,1.99562417,2.611414406,Cr,NA,NA,NA,NA,NA,P,0,L
p13,6.661814121,1.99977488,Cr,3,MY,Stems,0.1007,1.653876395,P,0,L
p18,16.04626353,0.904174679,Cr,3,PO,Stems,0.1007,3.983680122,P,0,L
p10,26.58505826,0.378935841,Cr,3,CH,Stems,0.1001,6.63962494,P,0,L
p11,45.62951014,0.349805042,Cr,3,CH,Leaves,0.1005,11.35062441,P,0,L
p20,8.625578192,1.561499431,Cr,3,PO,Leaves,0.1006,2.143533348,P,0,L
p4,24.29838325,0.906525792,Cr,1,CH,Leaves,0.1001,6.068527285,P,0,L
p16,19.5533398,0.927006268,Cr,3,MY,Leaves,0.1005,4.864014876,P,0,L
p23,1.814730118,2.37449813,Cr,NA,NA,NA,NA,NA,P,0,L
p3,23.73156496,0.78072909,Cr,1,CH,Leaves,0.1001,5.926964276,P,0,L
p2,32.71445529,0.402943992,Cr,1,CH,Stems,0.1007,8.121761492,P,0,L
p17,16.14217112,0.932018845,Cr,3,PO,Stems,0.1002,4.027487804,P,0,L
p5,5.612908178,1.403327982,Cr,2,MY,Stems,0.1003,1.399029955,P,0,L
p1,23.50135069,0.988407234,Cr,1,CH,Stems,0.1009,5.822931291,P,0,L
p22,75.7666742,0.23710535,Cr,NA,NA,NA,0.1008,18.79133785,P,0,L
p8,12.01087531,1.012267657,Cr,2,MY,Leaves,0.1004,2.990755804,P,0,L
p14,7.191733451,0.489667906,Cr,3,MY,Stems,0.1008,1.78366405,P,0,L
p6,8.49114782,1.846340784,Cr,2,MY,Stems,0.1002,2.118549855,P,0,L
s1 sur,0.01770683,16.95299936,Cr,1,NA,NA,NA,NA,SW,0,L
s1 bot,0.015849825,12.04185033,Cr,1,NA,NA,NA,NA,BW,0,L
s2 sur,0.02254294,66.53877283,Cr,2,NA,NA,NA,NA,SW,0,L
s2 bot,0.01547073,10.43918635,Cr,2,NA,NA,NA,NA,BW,0,L
s3 sur,0.021986167,39.07364438,Cr,3,NA,NA,NA,NA,SW,0,L
s2_PW_2-4,159.5392833,0.580724219,As,2,NA,NA,NA,159.5392833,PW,2,L
s2_PW_8-10,1111.763435,1.71810714,As,2,NA,NA,NA,1111.763435,PW,8,L
s3_PW_6-8,611.7345309,0.596886811,As,3,NA,NA,NA,611.7345309,PW,6,L
s2_PW_0-2,162.7460561,0.899662835,As,2,NA,NA,NA,162.7460561,PW,0,L
s2_PW_6-8,954.7502157,0.617799989,As,2,NA,NA,NA,954.7502157,PW,6,L
s2_PW_12-14,713.7025788,2.196124625,As,2,NA,NA,NA,713.7025788,PW,12,L
s2_PW_14-16,641.9680749,0.88426148,As,2,NA,NA,NA,641.9680749,PW,14,L
s2_PW_10-12,845.4025521,1.24962589,As,2,NA,NA,NA,845.4025521,PW,10,L
s2_PW_4-6,481.6843443,1.307990312,As,2,NA,NA,NA,481.6843443,PW,4,L
s3_PW_2-4,695.9920602,0.657653401,As,3,NA,NA,NA,695.9920602,PW,2,L
s3_PW_4-6,723.2264747,2.505787344,As,3,NA,NA,NA,723.2264747,PW,4,L
s3_PW_0-2,250.2864643,0.94954514,As,3,NA,NA,NA,250.2864643,PW,0,L
p19,5.881199399,3.760517929,As,3,PO,Leaves,0.1006,1.461530666,P,0,L
p7,15.91874789,1.805594987,As,2,MY,Leaves,0.1004,3.963831646,P,0,L
p15,12.57807744,1.227261072,As,3,MY,Leaves,0.1009,3.11647112,P,0,L
p21,0.901679179,1.293440212,As,NA,NA,NA,0.1008,0.223630749,P,0,L
p9,15.85682064,0.582839282,As,3,CH,Stems,0.1008,3.932743214,P,0,L
p12,22.48326406,2.054151257,As,3,CH,Leaves,0.1006,5.587292261,P,0,L
p24,0.58158526,10.37683472,As,NA,NA,NA,NA,NA,P,0,L
p13,4.724477525,3.544103922,As,3,MY,Stems,0.1007,1.172909018,P,0,L
p18,4.966196422,2.9061454,As,3,PO,Stems,0.1007,1.232918675,P,0,L
p10,12.63475448,2.080446556,As,3,CH,Stems,0.1001,3.155533087,P,0,L
p11,19.49292588,1.523819428,As,3,CH,Leaves,0.1005,4.848986537,P,0,L
p20,4.257184037,6.261935196,As,3,PO,Leaves,0.1006,1.057948319,P,0,L
p4,11.59932203,1.764250668,As,1,CH,Leaves,0.1001,2.896933574,P,0,L
p16,10.78469874,0.424159382,As,3,MY,Leaves,0.1005,2.682760881,P,0,L
p23,0.405841319,13.23361197,As,NA,NA,NA,NA,NA,P,0,L
p3,12.44325503,2.718724779,As,1,CH,Leaves,0.1001,3.107706051,P,0,L
p2,11.34549689,1.483825972,As,1,CH,Stems,0.1007,2.816657619,P,0,L
p17,4.53801703,3.089863758,As,3,PO,Stems,0.1002,1.132239778,P,0,L
p5,4.594158955,4.309755525,As,2,MY,Stems,0.1003,1.145104425,P,0,L
p1,8.569215386,1.890757232,As,1,CH,Stems,0.1009,2.123195091,P,0,L
p22,0.842888544,3.274484494,As,NA,NA,NA,0.1008,0.209049738,P,0,L
p8,12.90304717,1.361042414,As,2,MY,Leaves,0.1004,3.212910152,P,0,L
p14,5.52751757,1.589628177,As,3,MY,Stems,0.1008,1.370912096,P,0,L
p6,5.574028256,2.386313569,As,2,MY,Stems,0.1002,1.390725613,P,0,L
s1 sur,9.064621613,1.556706767,As,1,NA,NA,NA,NA,SW,0,L
s1 bot,8.838985436,1.572747804,As,1,NA,NA,NA,NA,BW,0,L
s2 sur,8.648108144,2.088810001,As,2,NA,NA,NA,NA,SW,0,L
s2 bot,8.296476294,3.07285156,As,2,NA,NA,NA,NA,BW,0,L
s3 sur,8.77021307,2.381430246,As,3,NA,NA,NA,NA,SW,0,L
s2_PW_2-4,0.286968241,1.658622783,Pb206,2,NA,NA,NA,0.286968241,PW,2,L
s2_PW_8-10,0.432319401,6.195131148,Pb206,2,NA,NA,NA,0.432319401,PW,8,L
s3_PW_6-8,0.304330564,3.309043197,Pb206,3,NA,NA,NA,0.304330564,PW,6,L
s2_PW_0-2,0.518657039,4.729510495,Pb206,2,NA,NA,NA,0.518657039,PW,0,L
s2_PW_6-8,0.410143723,2.171048144,Pb206,2,NA,NA,NA,0.410143723,PW,6,L
s2_PW_12-14,0.253615454,0.631614694,Pb206,2,NA,NA,NA,0.253615454,PW,12,L
s2_PW_14-16,0.21218733,4.340635448,Pb206,2,NA,NA,NA,0.21218733,PW,14,L
s2_PW_10-12,0.279600407,7.19690665,Pb206,2,NA,NA,NA,0.279600407,PW,10,L
s2_PW_4-6,0.209576853,1.963760292,Pb206,2,NA,NA,NA,0.209576853,PW,4,L
s3_PW_2-4,0.260937798,4.447214854,Pb206,3,NA,NA,NA,0.260937798,PW,2,L
s3_PW_4-6,0.180430228,5.319003575,Pb206,3,NA,NA,NA,0.180430228,PW,4,L
s3_PW_0-2,0.136645115,11.8656491,Pb206,3,NA,NA,NA,0.136645115,PW,0,L
p19,4.191170291,0.501385576,Pb206,3,PO,Leaves,0.1006,1.041543313,P,0,L
p7,7.626637597,0.587612072,Pb206,2,MY,Leaves,0.1004,1.899063147,P,0,L
p15,7.306134737,3.525675645,Pb206,3,MY,Leaves,0.1009,1.810241511,P,0,L
p21,10.33018296,0.342658076,Pb206,NA,NA,NA,0.1008,2.562049345,P,0,L
p9,6.023110312,2.133487353,Pb206,3,CH,Stems,0.1008,1.493826962,P,0,L
p12,9.00420546,1.220642611,Pb206,3,CH,Leaves,0.1006,2.237625611,P,0,L
p24,3.045827862,2.259967257,Pb206,NA,NA,NA,NA,NA,P,0,L
p13,1.92537053,0.495348539,Pb206,3,MY,Stems,0.1007,0.477996656,P,0,L
p18,1.901287647,0.302957155,Pb206,3,PO,Stems,0.1007,0.472017787,P,0,L
p10,4.213240143,0.540404498,Pb206,3,CH,Stems,0.1001,1.052257778,P,0,L
p11,7.156319507,0.299988032,Pb206,3,CH,Leaves,0.1005,1.780178982,P,0,L
p20,2.054734797,2.369111816,Pb206,3,PO,Leaves,0.1006,0.510619979,P,0,L
p4,11.24396629,0.471296985,Pb206,1,CH,Leaves,0.1001,2.808183389,P,0,L
p16,5.854902655,0.673468443,Pb206,3,MY,Leaves,0.1005,1.456443447,P,0,L
p23,1.422061993,1.795963208,Pb206,NA,NA,NA,NA,NA,P,0,L
p3,2.402182868,2.251907776,Pb206,1,CH,Leaves,0.1001,0.599945771,P,0,L
p2,2.95041734,2.317415474,Pb206,1,CH,Stems,0.1007,0.732476996,P,0,L
p17,3.344005731,0.60671459,Pb206,3,PO,Stems,0.1002,0.834332767,P,0,L
p5,2.131624227,1.187625666,Pb206,2,MY,Stems,0.1003,0.53131212,P,0,L
p1,2.362216483,1.216244409,Pb206,1,CH,Stems,0.1009,0.585286542,P,0,L
p22,8.365244457,1.529833193,Pb206,NA,NA,NA,0.1008,2.074713407,P,0,L
p8,6.460505081,0.307258697,Pb206,2,MY,Leaves,0.1004,1.608691504,P,0,L
p14,2.890700904,1.99678906,Pb206,3,MY,Stems,0.1008,0.716939708,P,0,L
p6,2.858124827,0.820821172,Pb206,2,MY,Stems,0.1002,0.713104997,P,0,L
s1 sur,0.004250487,352.9954239,Pb206,1,NA,NA,NA,NA,SW,0,L
s1 bot,0,NA,Pb206,1,NA,NA,NA,NA,BW,0,L
s2 sur,0.033701346,14.45327841,Pb206,2,NA,NA,NA,NA,SW,0,L
s2 bot,0.022445264,12.71129442,Pb206,2,NA,NA,NA,NA,BW,0,L
s3 sur,0,NA,Pb206,3,NA,NA,NA,NA,SW,0,L
s2_PW_2-4,0.271808477,3.296575492,Pb207,2,NA,NA,NA,0.271808477,PW,2,L
s2_PW_8-10,0.421647508,2.482620122,Pb207,2,NA,NA,NA,0.421647508,PW,8,L
s3_PW_6-8,0.286966584,1.118474948,Pb207,3,NA,NA,NA,0.286966584,PW,6,L
s2_PW_0-2,0.458577662,4.705748885,Pb207,2,NA,NA,NA,0.458577662,PW,0,L
s2_PW_6-8,0.39230272,3.665652273,Pb207,2,NA,NA,NA,0.39230272,PW,6,L
s2_PW_12-14,0.237221828,6.952363765,Pb207,2,NA,NA,NA,0.237221828,PW,12,L
s2_PW_14-16,0.194470881,7.04977484,Pb207,2,NA,NA,NA,0.194470881,PW,14,L
s2_PW_10-12,0.245770852,2.876462033,Pb207,2,NA,NA,NA,0.245770852,PW,10,L
s2_PW_4-6,0.164552403,3.55110454,Pb207,2,NA,NA,NA,0.164552403,PW,4,L
s3_PW_2-4,0.23100252,5.320205232,Pb207,3,NA,NA,NA,0.23100252,PW,2,L
s3_PW_4-6,0.13327117,12.45565288,Pb207,3,NA,NA,NA,0.13327117,PW,4,L
s3_PW_0-2,0.07965061,7.317661918,Pb207,3,NA,NA,NA,0.07965061,PW,0,L
p19,3.696816178,1.10132773,Pb207,3,PO,Leaves,0.1006,0.918691893,P,0,L
p7,7.247134474,1.012750736,Pb207,2,MY,Leaves,0.1004,1.804565357,P,0,L
p15,7.082879791,1.183295011,Pb207,3,MY,Leaves,0.1009,1.754925617,P,0,L
p21,11.2256309,1.722460523,Pb207,NA,NA,NA,0.1008,2.784134648,P,0,L
p9,6.396676493,1.999301703,Pb207,3,CH,Stems,0.1008,1.586477305,P,0,L
p12,9.697642941,1.133480521,Pb207,3,CH,Leaves,0.1006,2.409951029,P,0,L
p24,3.372046282,1.342479697,Pb207,NA,NA,NA,NA,NA,P,0,L
p13,2.140738011,0.330715414,Pb207,3,MY,Stems,0.1007,0.531464253,P,0,L
p18,1.989597011,2.369746838,Pb207,3,PO,Stems,0.1007,0.493941661,P,0,L
p10,4.685880603,1.978491086,Pb207,3,CH,Stems,0.1001,1.170299851,P,0,L
p11,7.894837254,0.310716924,Pb207,3,CH,Leaves,0.1005,1.963889864,P,0,L
p20,2.323494087,2.751381863,Pb207,3,PO,Leaves,0.1006,0.577409067,P,0,L
p4,12.5880022,1.369769684,Pb207,1,CH,Leaves,0.1001,3.143856693,P,0,L
p16,6.429590043,1.013662722,Pb207,3,MY,Leaves,0.1005,1.599400508,P,0,L
p23,1.513364896,2.184072533,Pb207,NA,NA,NA,NA,NA,P,0,L
p3,2.590441933,1.466548695,Pb207,1,CH,Leaves,0.1001,0.64696352,P,0,L
p2,3.065190301,1.67434901,Pb207,1,CH,Stems,0.1007,0.76097078,P,0,L
p17,3.482683706,1.169781204,Pb207,3,PO,Stems,0.1002,0.86893306,P,0,L
p5,2.163715893,1.920265472,Pb207,2,MY,Stems,0.1003,0.53931104,P,0,L
p1,2.475084678,0.054268242,Pb207,1,CH,Stems,0.1009,0.613251902,P,0,L
p22,8.430588989,1.78783305,Pb207,NA,NA,NA,0.1008,2.090919888,P,0,L
p8,6.65074157,0.427201394,Pb207,2,MY,Leaves,0.1004,1.656061148,P,0,L
p14,2.963998558,1.022289239,Pb207,3,MY,Stems,0.1008,0.73511869,P,0,L
p6,2.86767502,1.021758381,Pb207,2,MY,Stems,0.1002,0.715487779,P,0,L
s1 sur,0.004661957,215.1557859,Pb207,1,NA,NA,NA,NA,SW,0,L
s1 bot,0,NA,Pb207,1,NA,NA,NA,NA,BW,0,L
s2 sur,0.035163834,42.33113423,Pb207,2,NA,NA,NA,NA,SW,0,L
s2 bot,0.014763089,25.07038593,Pb207,2,NA,NA,NA,NA,BW,0,L
s3 sur,0,NA,Pb207,3,NA,NA,NA,NA,SW,0,L
s2_PW_2-4,0.264603982,1.398308057,Pb208,2,NA,NA,NA,0.264603982,PW,2,L
s2_PW_8-10,0.40428241,0.579606949,Pb208,2,NA,NA,NA,0.40428241,PW,8,L
s3_PW_6-8,0.284462159,3.448709519,Pb208,3,NA,NA,NA,0.284462159,PW,6,L
s2_PW_0-2,0.460283139,1.48400656,Pb208,2,NA,NA,NA,0.460283139,PW,0,L
s2_PW_6-8,0.381606988,2.424423636,Pb208,2,NA,NA,NA,0.381606988,PW,6,L
s2_PW_12-14,0.229166312,1.246793288,Pb208,2,NA,NA,NA,0.229166312,PW,12,L
s2_PW_14-16,0.199402786,2.502479415,Pb208,2,NA,NA,NA,0.199402786,PW,14,L
s2_PW_10-12,0.255156255,5.287791292,Pb208,2,NA,NA,NA,0.255156255,PW,10,L
s2_PW_4-6,0.179868555,4.231768763,Pb208,2,NA,NA,NA,0.179868555,PW,4,L
s3_PW_2-4,0.237237844,2.001897203,Pb208,3,NA,NA,NA,0.237237844,PW,2,L
s3_PW_4-6,0.163506765,2.165484783,Pb208,3,NA,NA,NA,0.163506765,PW,4,L
s3_PW_0-2,0.110550232,4.716994756,Pb208,3,NA,NA,NA,0.110550232,PW,0,L
p19,3.81647496,1.364569868,Pb208,3,PO,Leaves,0.1006,0.948428171,P,0,L
p7,7.564303855,0.784589829,Pb208,2,MY,Leaves,0.1004,1.883541797,P,0,L
p15,7.41481954,1.09168883,Pb208,3,MY,Leaves,0.1009,1.837170352,P,0,L
p21,10.8095694,1.551516826,Pb208,NA,NA,NA,0.1008,2.680944792,P,0,L
p9,7.379706839,2.081894309,Pb208,3,CH,Stems,0.1008,1.830284434,P,0,L
p12,10.84933816,0.997652321,Pb208,3,CH,Leaves,0.1006,2.696157594,P,0,L
p24,3.078515236,0.862117177,Pb208,NA,NA,NA,NA,NA,P,0,L
p13,1.985029161,1.748890253,Pb208,3,MY,Stems,0.1007,0.492807637,P,0,L
p18,1.951383131,0.46993643,Pb208,3,PO,Stems,0.1007,0.484454601,P,0,L
p10,5.186040697,0.77622677,Pb208,3,CH,Stems,0.1001,1.295214959,P,0,L
p11,8.673137014,0.505226027,Pb208,3,CH,Leaves,0.1005,2.15749677,P,0,L
p20,2.150957383,1.77258192,Pb208,3,PO,Leaves,0.1006,0.534532153,P,0,L
p4,13.52512689,0.535271784,Pb208,1,CH,Leaves,0.1001,3.377903819,P,0,L
p16,6.212412924,0.916361032,Pb208,3,MY,Leaves,0.1005,1.545376349,P,0,L
p23,1.421202947,1.89400192,Pb208,NA,NA,NA,NA,NA,P,0,L
p3,2.866482999,1.299299391,Pb208,1,CH,Leaves,0.1001,0.715904845,P,0,L
p2,3.598942644,1.297914459,Pb208,1,CH,Stems,0.1007,0.893481292,P,0,L
p17,3.533817663,0.143373423,Pb208,3,PO,Stems,0.1002,0.881691034,P,0,L
p5,2.204820284,0.289026702,Pb208,2,MY,Stems,0.1003,0.549556402,P,0,L
p1,2.793378482,0.84042562,Pb208,1,CH,Stems,0.1009,0.69211558,P,0,L
p22,8.883268487,0.369718432,Pb208,NA,NA,NA,0.1008,2.203191589,P,0,L
p8,6.961894144,0.527056252,Pb208,2,MY,Leaves,0.1004,1.733539378,P,0,L
p14,3.05178603,0.683399567,Pb208,3,MY,Stems,0.1008,0.756891376,P,0,L
p6,2.98547187,0.182499358,Pb208,2,MY,Stems,0.1002,0.744878211,P,0,L
s1 sur,0.015625127,42.22754361,Pb208,1,NA,NA,NA,NA,SW,0,L
s1 bot,0,NA,Pb208,1,NA,NA,NA,NA,BW,0,L
s2 sur,0.04672235,5.833288366,Pb208,2,NA,NA,NA,NA,SW,0,L
s2 bot,0.030295459,11.85514183,Pb208,2,NA,NA,NA,NA,BW,0,L
s3 sur,0,NA,Pb208,3,NA,NA,NA,NA,SW,0,L
Plant_Justyna,,,V,,PO,Stems,,4.31,P,,O
Plant_Justyna,,,V,,PO,Stems,,2.39,P,,O
Plant_Justyna,,,V,,PO,Stems,,1.80,P,,O
Plant_Justyna,,,V,,PO,Leaves,,10.38,P,,O
Plant_Justyna,,,V,,PO,Leaves,,8.17,P,,O
Plant_Justyna,,,V,,PO,Leaves,,7.79,P,,O
Plant_Justyna,,,Cr,,PO,Stems,,7.85,P,,O
Plant_Justyna,,,Cr,,PO,Stems,,4.45,P,,O
Plant_Justyna,,,Cr,,PO,Stems,,1.60,P,,O
Plant_Justyna,,,Cr,,PO,Leaves,,5.95,P,,O
Plant_Justyna,,,Cr,,PO,Leaves,,3.88,P,,O
Plant_Justyna,,,Cr,,PO,Leaves,,2.26,P,,O
Plant_Justyna,,,As,,PO,Stems,,2.76,P,,O
Plant_Justyna,,,As,,PO,Stems,,2.36,P,,O
Plant_Justyna,,,As,,PO,Stems,,1.50,P,,O
Plant_Justyna,,,As,,PO,Leaves,,7.73,P,,O
Plant_Justyna,,,As,,PO,Leaves,,5.19,P,,O
Plant_Justyna,,,As,,PO,Leaves,,3.92,P,,O
Plant_Justyna,,,V,,CH,Stems,,6.16,P,,O
Plant_Justyna,,,V,,CH,Stems,,4.25,P,,O
Plant_Justyna,,,V,,CH,Stems,,4.23,P,,O
Plant_Justyna,,,V,,CH,Leaves,,9.49,P,,O
Plant_Justyna,,,V,,CH,Leaves,,7.57,P,,O
Plant_Justyna,,,V,,CH,Leaves,,8.29,P,,O
Plant_Justyna,,,Cr,,CH,Stems,,9.07,P,,O
Plant_Justyna,,,Cr,,CH,Stems,,6.72,P,,O
Plant_Justyna,,,Cr,,CH,Stems,,9.22,P,,O
Plant_Justyna,,,Cr,,CH,Leaves,,8.28,P,,O
Plant_Justyna,,,Cr,,CH,Leaves,,11.77,P,,O
Plant_Justyna,,,Cr,,CH,Leaves,,13.49,P,,O
Plant_Justyna,,,As,,CH,Stems,,11.03,P,,O
Plant_Justyna,,,As,,CH,Stems,,7.69,P,,O
Plant_Justyna,,,As,,CH,Stems,,7.56,P,,O
Plant_Justyna,,,As,,CH,Leaves,,10.35,P,,O
Plant_Justyna,,,As,,CH,Leaves,,9.42,P,,O
Plant_Justyna,,,As,,CH,Leaves,,10.96,P,,O
Plant_Justyna,,,V,,MY,Stems,,6.51,P,,O
Plant_Justyna,,,V,,MY,Stems,,4.32,P,,O
Plant_Justyna,,,V,,MY,Stems,,4.08,P,,O
Plant_Justyna,,,V,,MY,Leaves,,38.64,P,,O
Plant_Justyna,,,V,,MY,Leaves,,13.54,P,,O
Plant_Justyna,,,V,,MY,Leaves,,13.17,P,,O
Plant_Justyna,,,Cr,,MY,Stems,,4.30,P,,O
Plant_Justyna,,,Cr,,MY,Stems,,0.87,P,,O
Plant_Justyna,,,Cr,,MY,Stems,,1.26,P,,O
Plant_Justyna,,,Cr,,MY,Leaves,,29.35,P,,O
Plant_Justyna,,,Cr,,MY,Leaves,,4.03,P,,O
Plant_Justyna,,,Cr,,MY,Leaves,,3.99,P,,O
Plant_Justyna,,,As,,MY,Stems,,2.71,P,,O
Plant_Justyna,,,As,,MY,Stems,,3.03,P,,O
Plant_Justyna,,,As,,MY,Stems,,1.91,P,,O
Plant_Justyna,,,As,,MY,Leaves,,14.90,P,,O
Plant_Justyna,,,As,,MY,Leaves,,8.76,P,,O
Plant_Justyna,,,As,,MY,Leaves,,10.36,P,,O
s3_S_6-8,2388.416173,,V,3,NA,NA,0.2506,238.2697698,S,6,L
s2_S_12-14,3740.245554,,V,2,NA,NA,0.2513,372.0896891,S,12,L
s2_S_4-6,784.0337076,,V,2,NA,NA,0.2513,77.99778229,S,4,L
s2_S_14-16,3526.245709,,V,2,NA,NA,0.2515,350.5214422,S,14,L
s3_S_4-6,2842.061308,,V,3,NA,NA,0.2512,282.8484582,S,4,L
s2_S_6-8,1466.414393,,V,2,NA,NA,0.2508,146.1736835,S,6,L
s3_S_2-4,2193.486517,,V,3,NA,NA,0.2519,217.694176,S,2,L
s3_S_0-2,1223.031239,,V,3,NA,NA,0.2513,121.6704377,S,0,L
s2_S_10-12,3098.464711,,V,2,NA,NA,0.2522,307.1436074,S,10,L
s2_S_8-10,2587.834711,,V,2,NA,NA,0.2517,257.0356288,S,8,L
s2_S_2-4,919.9787951,,V,2,NA,NA,0.2518,91.34022985,S,2,L
s2_S_0-2,812.4132868,,V,2,NA,NA,0.2506,81.04681632,S,0,L
s3_S_6-8,249629.2507,,Al,3,NA,NA,0.2506,24903.15749,S,6,L
s2_S_12-14,267896.6408,,Al,2,NA,NA,0.2513,26651.07847,S,12,L
s2_S_4-6,89843.47589,,Al,2,NA,NA,0.2513,8937.870662,S,4,L
s2_S_14-16,284404.9166,,Al,2,NA,NA,0.2515,28270.86646,S,14,L
s3_S_4-6,227618.3333,,Al,3,NA,NA,0.2512,22653.09846,S,4,L
s2_S_6-8,93195.83808,,Al,2,NA,NA,0.2508,9289.856268,S,6,L
s3_S_2-4,151042.8545,,Al,3,NA,NA,0.2519,14990.35873,S,2,L
s3_S_0-2,95976.99519,,Al,3,NA,NA,0.2513,9548.049661,S,0,L
s2_S_10-12,185690.0645,,Al,2,NA,NA,0.2522,18407.02464,S,10,L
s2_S_8-10,116051.3495,,Al,2,NA,NA,0.2517,11526.75303,S,8,L
s2_S_2-4,67699.53693,,Al,2,NA,NA,0.2518,6721.558472,S,2,L
s2_S_0-2,66221.01485,,Al,2,NA,NA,0.2506,6606.246493,S,0,L
s3_S_6-8,1794.289886,,As,3,NA,NA,0.2506,178.99939,S,6,L
s2_S_12-14,3210.77511,,As,2,NA,NA,0.2513,319.416545,S,12,L
s2_S_4-6,452.5694495,,As,2,NA,NA,0.2513,45.02282626,S,4,L
s2_S_14-16,3572.543648,,As,2,NA,NA,0.2515,355.1236231,S,14,L
s3_S_4-6,1990.351735,,As,3,NA,NA,0.2512,198.0843685,S,4,L
s2_S_6-8,695.8819928,,As,2,NA,NA,0.2508,69.36622735,S,6,L
s3_S_2-4,1151.995054,,As,3,NA,NA,0.2519,114.3305929,S,2,L
s3_S_0-2,416.7929305,,As,3,NA,NA,0.2513,41.46368191,S,0,L
s2_S_10-12,1940.51435,,As,2,NA,NA,0.2522,192.3586786,S,10,L
s2_S_8-10,1280.597698,,As,2,NA,NA,0.2517,127.1948448,S,8,L
s2_S_2-4,245.2827496,,As,2,NA,NA,0.2518,24.35293383,S,2,L
s2_S_0-2,177.3331131,,As,2,NA,NA,0.2506,17.69085326,S,0,L
s3_S_6-8,1022.05006,,Cr,3,NA,NA,0.2506,101.9603013,S,6,L
s2_S_12-14,486.538456,,Cr,2,NA,NA,0.2513,48.4021544,S,12,L
s2_S_4-6,385.419299,,Cr,2,NA,NA,0.2513,38.34254865,S,4,L
s2_S_14-16,800.098689,,Cr,2,NA,NA,0.2515,79.53267286,S,14,L
s3_S_4-6,913.349757,,Cr,3,NA,NA,0.2512,90.89866212,S,4,L
s2_S_6-8,397.81357,,Cr,2,NA,NA,0.2508,39.65446272,S,6,L
s3_S_2-4,607.167573,,Cr,3,NA,NA,0.2519,60.25879049,S,2,L
s3_S_0-2,371.10827,,Cr,3,NA,NA,0.2513,36.91884899,S,0,L
s2_S_10-12,518.854879,,Cr,2,NA,NA,0.2522,51.43287857,S,10,L
s2_S_8-10,402.9361,,Cr,2,NA,NA,0.2517,40.02146404,S,8,L
s2_S_2-4,263.64353,,Cr,2,NA,NA,0.2518,26.17588662,S,2,L
s2_S_0-2,366.632626,,Cr,2,NA,NA,0.2506,36.57548144,S,0,L
s3_S_6-8,426.1161151,,Pb,3,NA,NA,0.2506,42.5095885,S,6,L
s2_S_12-14,433.6631712,,Pb,2,NA,NA,0.2513,43.14197883,S,12,L
s2_S_4-6,201.7326762,,Pb,2,NA,NA,0.2513,20.06890929,S,4,L
s2_S_14-16,469.3216656,,Pb,2,NA,NA,0.2515,46.65225304,S,14,L
s3_S_4-6,460.0966059,,Pb,3,NA,NA,0.2512,45.78986922,S,4,L
s2_S_6-8,206.0290905,,Pb,2,NA,NA,0.2508,20.53719005,S,6,L
s3_S_2-4,343.4481541,,Pb,3,NA,NA,0.2519,34.08576361,S,2,L
s3_S_0-2,208.0706057,,Pb,3,NA,NA,0.2513,20.69942357,S,0,L
s2_S_10-12,385.9176121,,Pb,2,NA,NA,0.2522,38.25511619,S,10,L
s2_S_8-10,253.2669989,,Pb,2,NA,NA,0.2517,25.15564153,S,8,L
s2_S_2-4,137.8884973,,Pb,2,NA,NA,0.2518,13.69027971,S,2,L
s2_S_0-2,131.8007356,,Pb,2,NA,NA,0.2506,13.14851711,S,0,L
s3_S_6-8,6512.952646,,Ti,3,NA,NA,0.2506,649.7358985,S,6,L
s2_S_12-14,2945.141463,,Ti,2,NA,NA,0.2513,292.9905952,S,12,L
s2_S_4-6,1174.187498,,Ti,2,NA,NA,0.2513,116.8113309,S,4,L
s2_S_14-16,2793.106212,,Ti,2,NA,NA,0.2515,277.6447526,S,14,L
s3_S_4-6,4426.550982,,Ti,3,NA,NA,0.2512,440.5405038,S,4,L
s2_S_6-8,1909.156243,,Ti,2,NA,NA,0.2508,190.3066431,S,6,L
s3_S_2-4,3648.813868,,Ti,3,NA,NA,0.2519,362.1292048,S,2,L
s3_S_0-2,2578.036214,,Ti,3,NA,NA,0.2513,256.4699775,S,0,L
s2_S_10-12,3158.854434,,Ti,2,NA,NA,0.2522,313.1299003,S,10,L
s2_S_8-10,2441.836599,,Ti,2,NA,NA,0.2517,242.5344258,S,8,L
s2_S_2-4,1814.890084,,Ti,2,NA,NA,0.2518,180.1916287,S,2,L
s2_S_0-2,1922.453767,,Ti,2,NA,NA,0.2506,191.7850925,S,0,L